KBASE_IOCTL_SET_FLAGS	0x40048001	1	0x80	0x01	4	4	present	mali_kbase_ioctl.h	45
KBASE_IOCTL_GET_GPUPROPS	0x40108003	1	0x80	0x03	16	16	present	mali_kbase_ioctl.h	79
KBASE_IOCTL_MEM_ALLOC	0xc0208005	3	0x80	0x05	32	32	present	mali_kbase_ioctl.h	105
KBASE_IOCTL_MEM_QUERY	0xc0108006	3	0x80	0x06	16	16	present	mali_kbase_ioctl.h	127
KBASE_IOCTL_MEM_FREE	0x40088007	1	0x80	0x07	8	8	present	mali_kbase_ioctl.h	141
KBASE_IOCTL_HWCNT_READER_SETUP	0x40148008	1	0x80	0x08	20	20	present	mali_kbase_ioctl.h	161
KBASE_IOCTL_HWCNT_SET	0x40108020	1	0x80	0x20	16	16	present	mali_kbase_ioctl.h	176
KBASE_IOCTL_DISJOINT_QUERY	0x8004800c	2	0x80	0x0c	4	4	present	mali_kbase_ioctl.h	186
KBASE_IOCTL_GET_DDK_VERSION	0x4010800d	1	0x80	0x0d	16	16	present	mali_kbase_ioctl.h	207
KBASE_IOCTL_MEM_JIT_INIT	0x4018800e	1	0x80	0x0e	24	24	present	mali_kbase_ioctl.h	232
KBASE_IOCTL_MEM_SYNC	0x4020800f	1	0x80	0x0f	32	32	present	mali_kbase_ioctl.h	252
KBASE_IOCTL_MEM_FIND_CPU_OFFSET	0xc0188010	3	0x80	0x10	24	24	present	mali_kbase_ioctl.h	275
KBASE_IOCTL_GET_CONTEXT_ID	0x80048011	2	0x80	0x11	4	4	present	mali_kbase_ioctl.h	287
KBASE_IOCTL_TLSTREAM_ACQUIRE	0x40048012	1	0x80	0x12	4	4	present	mali_kbase_ioctl.h	300
KBASE_IOCTL_TLSTREAM_FLUSH	0x00008013	0	0x80	0x13	0	0	present	mali_kbase_ioctl.h	302
KBASE_IOCTL_MEM_COMMIT	0x40108014	1	0x80	0x14	16	16	present	mali_kbase_ioctl.h	319
KBASE_IOCTL_MEM_ALIAS	0xc0208015	3	0x80	0x15	32	32	present	mali_kbase_ioctl.h	347
KBASE_IOCTL_MEM_IMPORT	0xc0188016	3	0x80	0x16	24	24	present	mali_kbase_ioctl.h	375
KBASE_IOCTL_MEM_FLAGS_CHANGE	0x40188017	1	0x80	0x17	24	24	present	mali_kbase_ioctl.h	389
KBASE_IOCTL_STREAM_CREATE	0x40208018	1	0x80	0x18	32	32	present	mali_kbase_ioctl.h	406
KBASE_IOCTL_FENCE_VALIDATE	0x40048019	1	0x80	0x19	4	4	present	mali_kbase_ioctl.h	416
KBASE_IOCTL_MEM_PROFILE_ADD	0x4010801b	1	0x80	0x1b	16	16	present	mali_kbase_ioctl.h	432
KBASE_IOCTL_STICKY_RESOURCE_MAP	0x4010801d	1	0x80	0x1d	16	16	present	mali_kbase_ioctl.h	444
KBASE_IOCTL_STICKY_RESOURCE_UNMAP	0x4010801e	1	0x80	0x1e	16	16	present	mali_kbase_ioctl.h	458
KBASE_IOCTL_MEM_FIND_GPU_START_AND_OFFSET	0xc010801f	3	0x80	0x1f	16	16	present	mali_kbase_ioctl.h	486
KBASE_IOCTL_MEM_EXEC_INIT	0x40088026	1	0x80	0x26	8	8	present	mali_kbase_ioctl.h	498
KBASE_IOCTL_GET_CPU_GPU_TIMEINFO	0xc0208032	3	0x80	0x32	32	32	present	mali_kbase_ioctl.h	527
KBASE_IOCTL_CONTEXT_PRIORITY_CHECK	0xc0018036	3	0x80	0x36	1	1	present	mali_kbase_ioctl.h	539
KBASE_IOCTL_SET_LIMITED_CORE_COUNT	0x40018037	1	0x80	0x37	1	1	present	mali_kbase_ioctl.h	551
KBASE_IOCTL_KINSTR_PRFCNT_ENUM_INFO	0xc0108038	3	0x80	0x38	16	16	present	mali_kbase_ioctl.h	572
KBASE_IOCTL_KINSTR_PRFCNT_SETUP	0xc0108039	3	0x80	0x39	16	16	present	mali_kbase_ioctl.h	601
KBASE_IOCTL_TLSTREAM_STATS	0x00000000	0	0x00	0x00	0	0	guarded	mali_kbase_ioctl.h	625
KBASE_IOCTL_VERSION_CHECK_RESERVED	0xc0048000	3	0x80	0x00	4	4	present	csf/mali_kbase_csf_ioctl.h	153
KBASE_IOCTL_CS_QUEUE_REGISTER	0x40108024	1	0x80	0x24	16	16	present	csf/mali_kbase_csf_ioctl.h	175
KBASE_IOCTL_CS_QUEUE_KICK	0x40088025	1	0x80	0x25	8	8	present	csf/mali_kbase_csf_ioctl.h	188
KBASE_IOCTL_CS_QUEUE_BIND	0xc0108027	3	0x80	0x27	16	16	present	csf/mali_kbase_csf_ioctl.h	214
KBASE_IOCTL_CS_QUEUE_REGISTER_EX	0x40288028	1	0x80	0x28	40	40	present	csf/mali_kbase_csf_ioctl.h	250
KBASE_IOCTL_CS_QUEUE_TERMINATE	0x40088029	1	0x80	0x29	8	8	present	csf/mali_kbase_csf_ioctl.h	262
KBASE_IOCTL_CS_QUEUE_GROUP_CREATE_1_6	0xc020802a	3	0x80	0x2a	32	32	present	csf/mali_kbase_csf_ioctl.h	306
KBASE_IOCTL_CS_QUEUE_GROUP_CREATE_1_18	0xc028803a	3	0x80	0x3a	40	40	present	csf/mali_kbase_csf_ioctl.h	356
KBASE_IOCTL_CS_QUEUE_GROUP_CREATE_1_35	0xc070803a	3	0x80	0x3a	112	112	present	csf/mali_kbase_csf_ioctl.h	420
KBASE_IOCTL_CS_QUEUE_GROUP_TERMINATE	0x4008802b	1	0x80	0x2b	8	8	present	csf/mali_kbase_csf_ioctl.h	434
KBASE_IOCTL_CS_EVENT_SIGNAL	0x0000802c	0	0x80	0x2c	0	0	present	csf/mali_kbase_csf_ioctl.h	437
KBASE_IOCTL_KCPU_QUEUE_CREATE	0x8008802d	2	0x80	0x2d	8	8	present	csf/mali_kbase_csf_ioctl.h	452
KBASE_IOCTL_KCPU_QUEUE_DELETE	0x4008802e	1	0x80	0x2e	8	8	present	csf/mali_kbase_csf_ioctl.h	465
KBASE_IOCTL_KCPU_QUEUE_ENQUEUE	0x4010802f	1	0x80	0x2f	16	16	present	csf/mali_kbase_csf_ioctl.h	483
KBASE_IOCTL_CS_TILER_HEAP_INIT	0xc0188030	3	0x80	0x30	24	24	present	csf/mali_kbase_csf_ioctl.h	521
KBASE_IOCTL_CS_TILER_HEAP_INIT_1_13	0xc0108030	3	0x80	0x30	16	16	present	csf/mali_kbase_csf_ioctl.h	558
KBASE_IOCTL_CS_TILER_HEAP_TERM	0x40088031	1	0x80	0x31	8	8	present	csf/mali_kbase_csf_ioctl.h	571
KBASE_IOCTL_CS_GET_GLB_IFACE	0xc0188033	3	0x80	0x33	24	24	present	csf/mali_kbase_csf_ioctl.h	617
KBASE_IOCTL_VERSION_CHECK	0xc0048034	3	0x80	0x34	4	4	present	csf/mali_kbase_csf_ioctl.h	624
KBASE_IOCTL_CS_CPU_QUEUE_DUMP	0x40108035	1	0x80	0x35	16	16	present	csf/mali_kbase_csf_ioctl.h	626
KBASE_IOCTL_MEM_ALLOC_EX	0xc040803b	3	0x80	0x3b	64	64	present	csf/mali_kbase_csf_ioctl.h	658
KBASE_IOCTL_READ_USER_PAGE	0xc008803c	3	0x80	0x3c	8	8	present	csf/mali_kbase_csf_ioctl.h	681
KBASE_IOCTL_QUEUE_GROUP_CLEAR_FAULTS	0x4010803d	1	0x80	0x3d	16	16	present	csf/mali_kbase_csf_ioctl.h	696
KBASE_IOCTL_CS_TILER_HEAP_SIZE	0xc010803e	3	0x80	0x3e	16	16	present	csf/mali_kbase_csf_ioctl.h	717
KBASE_IOCTL_CS_QUEUE_GROUP_CREATE	0xc078803f	3	0x80	0x3f	120	120	present	csf/mali_kbase_csf_ioctl.h	782
